Company,Applied,1st interview,2nd interview,3rd interview,4th interview,5th interview,6th interview,Rejected,Offer Letter
AA,3/2/22,,,,,,,3/23/22,
AB,3/2/22,,,,,,,4/1/22,
AC_1,3/2/22,,,,,,,,
AD,3/2/22,,,,,,,4/6/22,
AE_1,3/4/22,,,,,,,,
AE_2,3/4/22,,,,,,,3/29/22,
AF,3/4/22,,,,,,,,
AG,3/5/22,,,,,,,3/17/22,
AH,3/5/22,,,,,,,,
AI,3/5/22,,,,,,,,
AJ,3/6/22,3/14/22,,,,,,4/28/22,
AK_1,3/6/22,,,,,,,3/8/22,
AL,3/6/22,,,,,,,,
AM,3/7/22,,,,,,,,
AC_2,3/9/22,,,,,,,,
AN,3/14/22,3/31/22,4/13/22,4/22/22,5/6/22,5/9/22,,5/19/22,
AO,3/14/22,,,,,,,,
AP,3/14/22,,,,,,,,
AQ,3/17/22,,,,,,,,
AR,3/17/22,,,,,,,,
AS_1,3/25/22,,,,,,,,
AT,3/28/22,4/4/22,5/4/22,,,,,,
AU,4/26/22,5/13/22,,,,,,5/20/22,
AV,5/19/22,8/2/22,8/18/22,,,,,8/25/22,
AW,5/19/22,6/2/22,6/6/22,6/15/22,6/15/22,6/15/22,6/15/22,7/8/22,
AS_2,5/20/22,,,,,,,,
AX,5/20/22,,,,,,,,
AY,5/20/22,,,,,,,,
AZ,5/25/22,,,,,,,7/26/22,
BA,5/25/22,,,,,,,7/29/22,
K_2,5/25/22,,,,,,,8/19/22,
BB,5/26/22,,,,,,,,
BC,5/26/22,,,,,,,,
BD,5/30/22,,,,,,,,
BE,5/30/22,,,,,,,,
BF,5/30/22,,,,,,,6/12/22,
BG,5/30/22,6/13/22,,,,,,,
BH,6/1/22,,,,,,,,
BI,6/1/22,,,,,,,6/3/22,
BJ,6/2/22,,,,,,,,
BK,6/3/22,,,,,,,,
BL,6/3/22,,,,,,,7/15/22,
BM,6/21/22,6/21/22,6/23/22,,,,,6/27/22,
BN,7/8/22,7/18/22,7/22/22,8/4/22,8/4/22,8/11/22,8/12/22,9/2/22,
BO,7/18/22,,,,,,,7/25/22,
BP,7/19/22,,,,,,,,
BQ,7/25/22,,,,,,,,
BR,7/25/22,,,,,,,,
BS,7/26/22,,,,,,,,
BT,7/26/22,,,,,,,8/20/22,
BU,7/27/22,,,,,,,,
BW,7/27/22,,,,,,,,
BX,7/27/22,,,,,,,,
BY_1,7/28/22,,,,,,,8/7/22,
BY_2,7/28/22,,,,,,,8/5/22,
BZ,8/2/22,,,,,,,,
CA,8/2/22,8/23/22,8/26/22,8/31/22,,,,,9/1/22
CB,8/30/22,,,,,,,8/31/22,
CD,9/1/22,,,,,,,,